name,address1,address2,address3,borough_code,borough_name,os_addressbase_uprn,ward_2018_code,ward_2018_name,website,longitude,latitude,easting,northing,runtime,classification,formatted_address,name,place_id,rating,types,user_ratings_total
Museum of Croydon,Central Library,Croydon Clocktower,Katharine Street,E09000008,Croydon,100022917682.0,E05011468,Fairfield,http://www.museumofcroydon.com/,-0.09951045254803667,51.37191054240017,532380.9641287995,165363.9280014406,12/29/2019,museums,"Katharine St, Croydon CR9 1ET, United Kingdom",Croydon Central Library,ChIJ15K8HjQHdkgRdVkcgKNqmQw,4.2,"['library', 'point_of_interest', 'establishment']",53.0
Museum of Writing,c/o Institute of English Studies,University of London Senate House,Malet Street,E09000007,Camden,5016035.0,E05000129,Bloomsbury,http://www.museumofwriting.co.uk/,-0.12869802265875455,51.520643623813584,529926.9647969569,181850.92352089816,12/29/2019,museums,,,,,,
The Foundling Museum,40 Brunswick Square,,,E09000007,Camden,5002560.0,E05000141,King's Cross,http://www.foundlingmuseum.org.uk/,-0.12164622262629594,51.5252701073732,530402.964669417,182377.92337760227,12/29/2019,museums,"40 Brunswick Square, Bloomsbury, London WC1N 1AZ, United Kingdom",The Foundling Museum,ChIJ3-M3YTcbdkgRGzQr8JQ8APE,4.4,"['museum', 'tourist_attraction', 'point_of_interest', 'establishment']",502.0
Freud Museum,20 Maresfield Gardens,,,E09000007,Camden,5012934.0,E05000133,Frognal and Fitzjohns,https://www.freud.org.uk/,-0.17724635343508732,51.54842188893095,526481.9657331806,184854.9227054417,12/29/2019,museums,"20 Maresfield Gardens, London NW3 5SX, United Kingdom",Freud Museum London,ChIJyxFtboUadkgRb0RdlOrRsBs,4.6,"['museum', 'tourist_attraction', 'point_of_interest', 'establishment']",859.0
Keats House,10 Keats Grove,Hampstead,,E09000007,Camden,5015415.0,E05000135,Hampstead Town,http://www.cityoflondon.gov.uk/keats,-0.1679301779810725,51.55556976060682,527107.9655625345,185665.92248556585,12/29/2019,museums,"10 Keats Grove, Hampstead, London NW3 2RR, United Kingdom",Keats House,ChIJmfOqXYoadkgRA-y2sMtXadM,4.5,"['tourist_attraction', 'museum', 'point_of_interest', 'establishment']",261.0
British Museum,Great Russell Street,,,E09000007,Camden,5027059.0,E05000129,Bloomsbury,http://www.britishmuseum.org/,-0.12647475567723704,51.518971461112926,530085.964753409,181668.9235696554,12/29/2019,museums,"Great Russell St, Bloomsbury, London WC1B 3DG, United Kingdom",The British Museum,ChIJB9OTMDIbdkgRp0JWbQGZsS8,4.7,"['museum', 'tourist_attraction', 'point_of_interest', 'establishment']",100284.0
2 Willow Road,Hampstead,,,E09000007,Camden,5032722.0,E05000135,Hampstead Town,https://www.nationaltrust.org.uk/2-willow-road,-0.16915010156707455,51.557162489166295,527018.9655857261,185840.92243757483,12/29/2019,museums,"2 Willow Road, Hampstead, London NW3 1TH, UK",2 Willow Road,ChIJKfsf3mEadkgRukGnLK1zOts,,['premise'],
British Library,96 Euston Road London,NW1 2DB ,,E09000007,Camden,5037737.0,E05000143,St. Pancras and Somers Town,http://www.bl.uk/,-0.12698835462812688,51.52998677143432,530018.9647743074,182892.9232379205,12/29/2019,museums,"96 Euston Rd, London NW1 2DB, United Kingdom",The British Library,ChIJlRMXcDsbdkgRJdsP3nlUkBg,4.5,"['library', 'tourist_attraction', 'point_of_interest', 'establishment']",1390.0
Burgh House and Hampstead Museum,New End Square,Hampstead,,E09000007,Camden,5067420.0,E05000135,Hampstead Town,www.burghhouse.org.uk/,-0.17506733926931314,51.55818089976963,526605.9656982652,185943.92240836265,12/29/2019,museums,"New End Square, Hampstead, London NW3 1LT, United Kingdom",Burgh House & Hampstead Museum,ChIJ7bDgv2IadkgRkIbzf3FdF5M,4.5,"['museum', 'tourist_attraction', 'point_of_interest', 'establishment']",287.0
Royal College of Physicians of London Museum,Library Archive and Museum Services,11 St Andrews Place,Regentâs Park,E09000007,Camden,5069347.0,E05000142,Regent's Park,http://www.rcplondon.ac.uk/museum-and-garden,-0.1449807444509275,51.52574929212275,528782.9651070784,182389.92337416718,12/29/2019,museums,"11 St Andrews Pl, London NW1 4LE, United Kingdom",Royal College of Physicians,ChIJ7xIq4dkadkgRzlX3Emg8F-I,4.6,"['university', 'health', 'point_of_interest', 'establishment']",65.0
"Jewish Museum, London",Raymond Burton Hs,129-131 Albert Street,,E09000007,Camden,5082327.0,E05000130,Camden Town with Primrose Hill,http://www.jewishmuseum.org.uk/,-0.1446414661462595,51.53728156162264,528773.9651113618,183672.92302597789,12/29/2019,museums,"Raymond Burton House, 129-131 Albert Street, London NW1 7NB, United Kingdom",Jewish Museum London,ChIJHUn3beAadkgR5XeJPAO9z0M,4.5,"['tourist_attraction', 'cafe', 'museum', 'food', 'point_of_interest', 'store', 'establishment']",517.0
Wellcome Collection,183 Euston Road,,,E09000007,Camden,5083806.0,E05000129,Bloomsbury,http://www.wellcomecollection.org/,-0.13391745318694204,51.525897574673365,529549.9649010886,182425.92336672547,12/29/2019,museums,"183 Euston Rd, London NW1 2BE, United Kingdom",Wellcome Collection,ChIJjwAL8SUbdkgRigNbhm-sUe0,4.5,"['museum', 'art_gallery', 'point_of_interest', 'establishment']",594.0
Government Art Collection,Queen's Yard,179a Tottenham Court Rd,,E09000007,Camden,5087928.0,E05000129,Bloomsbury,www.gac.culture.gov.uk/,-0.13490111065484842,51.522289151171144,529491.9649153411,182022.92347552374,12/29/2019,museums,,,,,,
The British Museum,Great Russell Street,,,E09000007,Camden,5090682.0,E05000129,Bloomsbury,http://www.britishmuseum.org/,-0.1268478187088248,51.51936410624359,530058.9647608323,181711.9235581079,12/29/2019,museums,"Great Russell St, Bloomsbury, London WC1B 3DG, United Kingdom",The British Museum,ChIJB9OTMDIbdkgRp0JWbQGZsS8,4.7,"['museum', 'tourist_attraction', 'point_of_interest', 'establishment']",100282.0
Fenton House,Hampstead Grove,Hampstead,,E09000007,Camden,5126160.0,E05000135,Hampstead Town,https://www.nationaltrust.org.uk/fenton-house-and-garden,-0.18013054526555825,51.55891599474092,526252.9657949564,186016.92238747934,12/29/2019,museums,"Hampstead Grove, Hampstead, London NW3 6SP, United Kingdom",Fenton House,ChIJiecx_3wadkgR7HQQ1ESCRqE,4.4,"['tourist_attraction', 'park', 'point_of_interest', 'establishment']",321.0
Sir John SoaneÊ¼s Museum,13 Lincolnâs Inn Fields,,,E09000007,Camden,5137612.0,E05000138,Holborn and Covent Garden,http://www.soane.org/,-0.11751871222542914,51.51699356555784,530712.9645834898,181464.92362379425,12/29/2019,museums,,,,,,
"Ben Uri Gallery, The Art Museum for Everyone, The London Jewish Museum of Art",108A Boundary Road,off Abbey Rd,St Johnâs Wood,E09000007,Camden,5144462.0,E05000140,Kilburn,www.benuri.org.uk,-0.18536707886302334,51.53754080201588,525948.965876383,183630.92303541608,12/29/2019,museums,"108A Boundary Rd, St John's Wood, London NW8 0RH, United Kingdom",Ben Uri Gallery and Museum,ChIJSbgToZ8adkgRCLEG7BlHu0g,4.3,"['art_gallery', 'tourist_attraction', 'museum', 'point_of_interest', 'establishment']",42.0
"Grant Museum of Zoology and Comparative Anatomy, UCL",21 University Street,,,E09000007,Camden,5157295.0,E05000129,Bloomsbury,https://www.ucl.ac.uk/culture/grant-museum-zoology,-0.13465909245966376,51.52362521809698,529504.964912415,182171.92343539704,12/29/2019,museums,"Rockefeller Building, 21 University St, Bloomsbury, London WC1E 6DE, United Kingdom",Grant Museum of Zoology,ChIJ66NuMS8bdkgRb0YHGckT794,4.7,"['tourist_attraction', 'museum', 'point_of_interest', 'establishment']",435.0
Petrie Museum of Egyptian Archaeology,University College London,Malet Place,,E09000007,Camden,5157395.0,E05000129,Bloomsbury,http://www.culture24.org.uk/se000386,-0.13249381641675975,51.524049400797175,529653.9648722006,182222.92342130176,12/29/2019,museums,"Malet Pl, Bloomsbury, London WC1E 6BT, United Kingdom",Petrie Museum of Egyptian Archaeology,ChIJXzsYqi8bdkgR2wmXF6YbzBU,4.6,"['tourist_attraction', 'museum', 'point_of_interest', 'establishment']",167.0
"Geology (and Teaching & Research) Collections, UCL",Rock Room,"Room 4, First Floor",South Wing,E09000007,Camden,5157402.0,E05000129,Bloomsbury,https://www.ucl.ac.uk/culture/geology-collection,-0.13345756674649287,51.524100708184754,529586.9648903898,182226.92342039046,12/29/2019,museums,"Parker Hall, 106, 300 W 13th St, Rolla, MO 65409, United States",Missouri University of Science and Technology,ChIJr3S16MVU2ocR1m3MPNeJDFg,4.3,"['university', 'point_of_interest', 'establishment']",84.0
UCL Art Museum,South Cloisters,UCL,,E09000007,Camden,5157412.0,E05000129,Bloomsbury,http://www.ucl.ac.uk/museums/uclart,-0.13326814466353115,51.52450236674428,529598.9648873068,182271.9234082466,12/29/2019,museums,"South Cloisters, University College London, Gower St, Kings Cross, London WC1E 6BT, United Kingdom",UCL Art Museum,ChIJeTUXaS8bdkgRRO3lOGW_VwY,4.1,"['museum', 'tourist_attraction', 'point_of_interest', 'establishment']",18.0
Crystal Palace Museum,Anerley Hill,,,E09000006,Bromley,100023247277.0,E05000116,Crystal Palace,www.crystalpalacemuseum.org.uk/,-0.07669903008341224,51.41977512368729,533828.9637365837,170727.92654295347,12/29/2019,museums,"Anerley Hill, London SE19 2BA, United Kingdom",Crystal Palace Museum,ChIJqczBEkMBdkgRVwzuOJH1Xgs,4.1,"['museum', 'tourist_attraction', 'point_of_interest', 'establishment']",77.0
Cartoon Museum,35 Little Russell Street,,,E09000007,Camden,5158052.0,E05000138,Holborn and Covent Garden,http://www.cartoonmuseum.org/,-0.12602299795664884,51.51768727604571,530120.9647435427,181526.92360788875,12/29/2019,museums,"63 Wells St, Fitzrovia, London W1A 3AE, United Kingdom",The Cartoon Museum,ChIJjTedqjMbdkgRqmCmSy0Hveg,3.9,"['tourist_attraction', 'museum', 'point_of_interest', 'establishment']",503.0
Central Saint Martins,Granary Building,1 Granary Square,Kings Cross,E09000007,Camden,5171310.0,E05000143,St. Pancras and Somers Town,www.arts.ac.uk/csm/,-0.12445950290214605,51.53643912724865,530175.9647308534,183614.92304057226,12/29/2019,museums,"Granary Building, 1 Granary Square, Kings Cross, London N1C 4AA, United Kingdom",Central Saint Martins,ChIJGy_lNTQbdkgRK1J9MfD-hIE,4.3,"['university', 'point_of_interest', 'establishment']",127.0
House of Illustration,2 Granary Square King's Cross London,,,E09000007,Camden,5188521.0,E05000143,St. Pancras and Somers Town,http://www.houseofillustration.org.uk/,-0.12445950290214605,51.53643912724865,530175.9647308534,183614.92304057226,12/29/2019,museums,"2 Granary Square, Kings Cross, London N1C 4BH, United Kingdom",House of Illustration,ChIJj81qikAbdkgRtZuCXjujC2k,4.3,"['art_gallery', 'tourist_attraction', 'point_of_interest', 'establishment']",212.0
V&A Museum of Childhood,Cambridge Heath Road,,,E09000030,Tower Hamlets,6039165.0,E05009317,Bethnal Green,http://www.museumofchildhood.org.uk/,-0.054881953418229566,51.52905531229992,535022.9634149643,182919.92323003896,12/29/2019,museums,"1205 W 8th St, Coffeyville, KS 67337, United States",V & S Family Center,ChIJ3wz1vWKEt4cRWXn0tlYgCvs,3.8,"['point_of_interest', 'store', 'establishment']",5.0
Ragged School Museum,46-50 Copperfield Road,,,E09000030,Tower Hamlets,6048400.0,E05009327,Mile End,http://www.raggedschoolmuseum.org.uk/,-0.035664072205294016,51.51866342706555,536386.963043386,181799.92353591527,12/29/2019,museums,"46-50 Copperfield Rd, London E3 4RR, United Kingdom",Ragged School Museum,ChIJXbA38S0ddkgRQsdBxVmuuYU,4.4,"['museum', 'tourist_attraction', 'point_of_interest', 'establishment']",179.0
The Tower of London,St Katharine's & Wapping,London,,E09000030,Tower Hamlets,6086565.0,E05009330,St. Katharine's & Wapping,www.​hrp.​org.​uk/​TowerOfLondon/​,-0.07624551204091412,51.50827523006401,533601.9637975731,180569.9238673529,12/29/2019,museums,"St Katharine's & Wapping, London EC3N 4AB, United Kingdom",Tower of London,ChIJ3TgfM0kDdkgRZ2TV4d1Jv6g,4.6,"['tourist_attraction', 'point_of_interest', 'establishment']",68285.0
"Royal Armouries, Tower of London",HM Tower Of London,St Katharine's & Wapping,,E09000030,Tower Hamlets,6086565.0,E05009330,St. Katharine's & Wapping,https://royalarmouries.org/visit-us/tower-of-london,-0.07624551204091412,51.50827523006401,533601.9637975731,180569.9238673529,12/29/2019,museums,"HM Tower Of London, St Katharine's & Wapping, London EC3N 4AB, United Kingdom",Royal Armouries White Tower,ChIJh7JjNEkDdkgRbNhPZVVibMs,4.5,"['museum', 'premise', 'point_of_interest', 'establishment']",274.0
The Fusilier Museum London,HM Tower of London,35 Tower Hill,St Katharine's & Wapping,E09000030,Tower Hamlets,6086845.0,E05009330,St. Katharine's & Wapping,www.​fusiliermuseumlondon.​org,-0.07518856115735817,51.50839276466557,533674.9637775717,180584.92386318863,12/29/2019,museums,"Tower of London, St Katharine's & Wapping, London EC3N 4AB, United Kingdom",The Fusilier Museum,ChIJO9XtOEkDdkgRfIzM5v3oyjY,4.3,"['tourist_attraction', 'museum', 'point_of_interest', 'establishment']",56.0
Royal London Hospital Archives and Museum,Church of St Augustine with St Philip,Newark Street,,E09000030,Tower Hamlets,6118397.0,E05009336,Whitechapel,,-0.06045848930335384,51.51725954515276,534670.9635063211,181597.92359038812,12/29/2019,museums,,,,,,
Museum of the Royal Pharmaceutical Society,1 Lambeth High Street,,,E09000030,Tower Hamlets,6136082.0,E05009336,Whitechapel,www.​rpsgb.​org/​museum,-0.06827108193074613,51.509079288430634,534152.9636467223,180673.92383846024,12/29/2019,museums,"66-68 E Smithfield, Whitechapel, London E1W 1AW, United Kingdom",Royal Pharmaceutical Society,ChIJ-U1fI8AEdkgR5KPv4kxjvdk,4.6,"['point_of_interest', 'establishment']",38.0
Museum of London Docklands,No. 1 Warehouse,West India Quay,,E09000030,Tower Hamlets,6151122.0,E05009323,Canary Wharf,http://www.museumoflondon.org.uk/docklands,-0.02383270037295962,51.50761933319317,537240.9628112615,180593.92386071762,12/29/2019,museums,"1 Warehouse, West India Quay, No, Hertsmere Rd, London E14 4AL, United Kingdom",Museum of London Docklands,ChIJVTZUsMcCdkgRMc_-OpJq9v8,4.6,"['museum', 'tourist_attraction', 'point_of_interest', 'establishment']",3705.0
Trades Union Congress (TUC) Library Collections,Special Collections  London Metropolitan University,Wash Houses,Old Castle Street,E09000030,Tower Hamlets,6151239.0,E05009333,Spitalfields & Banglatown,http://www.londonmet.ac.uk/tuc,-0.07399802536165558,51.51577420253457,533735.963761032,181407.923642873,12/29/2019,museums,"Special Collections Reading Room, London Metropolitan University, Wash Houses, Old Castle Street, London E1 7NT, United Kingdom",Trades Union Congress (TUC) Library,ChIJdS2-GnQbdkgRspa-qzTpQ0M,0.0,"['library', 'point_of_interest', 'establishment']",0.0
Kelmscott House,26 Upper Mall,Hammersmith,,E09000013,Hammersmith and Fulham,34008094.0,E05000261,Ravenscourt Park,http://www.culture24.org.uk/se000423,-0.23550436438835604,51.49058178834238,522597.9667888677,178323.9244799068,12/29/2019,museums,"26 Upper Mall, Hammersmith, London W6 9TA, United Kingdom",Kelmscott House,ChIJd0xjgrcPdkgR1XgSm-kMp0Q,0.0,"['museum', 'point_of_interest', 'establishment']",0.0
Fulham Palace,Fulham Palace,Bishop's Ave,Fulham,E09000013,Hammersmith and Fulham,34022825.0,E05000259,Palace Riverside,www.fulhampalace.org/,-0.21519770387377252,51.47054466539843,524061.9663921351,176129.92507687438,12/29/2019,museums,"Bishop's Ave, Fulham, London SW6 6EA, United Kingdom",Fulham Palace,ChIJd2HTbaAPdkgRzADh38gQpO0,4.5,"['museum', 'tourist_attraction', 'cafe', 'park', 'food', 'point_of_interest', 'establishment']",949.0
Wandle Industrial Museum,The Vestry Hall Annexe,London Road,Mitcham,E09000024,Merton,48083242.0,E05000458,Cricket Green,http://www.wandle.org/,-0.1680386681606487,51.40227250905107,527526.9654491643,168618.92711560632,12/29/2019,museums,"Vestry Hall Annexe, London Rd, Mitcham CR4 3UD, United Kingdom",Wandle Industrial Museum,ChIJtcxKmTkGdkgRHLujQfNkTUI,4.3,"['museum', 'tourist_attraction', 'point_of_interest', 'establishment']",26.0
Museum of Wimbledon,22 Ridgway,Wimbledon,,E09000024,Merton,48107954.0,E05000472,Village,http://www.wimbledonmuseum.org.uk/,-0.21664341700808407,51.423354744849185,524089.2663699552,170879.9265017315,12/29/2019,museums,"22 Ridgway, Wimbledon, London SW19 4QN, United Kingdom",Museum of Wimbledon,ChIJR-aiHMkIdkgRG05lpKOPzwI,4.3,"['museum', 'tourist_attraction', 'point_of_interest', 'establishment']",35.0
Wimbledon Lawn Tennis Museum,The All England Lawn Tennis Club,Church Road,Wimbledon,E09000024,Merton,48129052.0,E05000472,Village,http://www.wimbledon.com/museum,-0.21402868057457625,51.433719563950575,524242.96634216775,172036.92618557802,12/29/2019,museums,"Church Rd, Wimbledon, London SW19 5AE, United Kingdom",Wimbledon Lawn Tennis Museum,ChIJm_kuA8cIdkgRQrtMPMinNkA,4.8,"['museum', 'tourist_attraction', 'point_of_interest', 'establishment']",1047.0
Barts Pathology Museum,3rd Floor,Robin Brook Centre  St Bartholomew's Hospital,West Smithfield,E09000001,City and County of the City of London,95512892.0,E05009305,Farringdon Without,www.qmul.ac.uk/pathologymuseum/,-0.10101762596157238,51.517647578927814,531855.9142228458,181567.22358538484,12/29/2019,museums,"24 W Smithfield, London EC1A 7BE, United Kingdom",Barts Pathology Museum,ChIJ232RdlMbdkgRwzU4w1AN0dI,4.5,"['museum', 'tourist_attraction', 'point_of_interest', 'establishment']",53.0
St Bartholomews Hospital Museum,North Wing,St Bartholomewâs Hospital,West Smithfield,E09000001,City and County of the City of London,95512892.0,E05009305,Farringdon Without,https://www.bartshealth.nhs.uk/st-bartholomews-museum-and-archives,-0.10101762596157238,51.517647578927814,531855.9142228458,181567.22358538484,12/29/2019,museums,"North Wing, St Bartholomew's Hospital, W Smithfield, London EC1A 7BE, United Kingdom",St Bartholomew's Hospital Museum,ChIJs0nCdVMbdkgRU4LBLvQaGno,4.4,"['museum', 'tourist_attraction', 'point_of_interest', 'establishment']",48.0
Valence House Museum,Becontree Ave,,,E09000002,Barking and Dagenham,100002560.0,E05000040,Valence,www.​lbbd.​gov.​uk/​heritage,0.13420089600896667,51.55831213259783,548042.9598733315,186538.9222471987,12/29/2019,museums,"Becontree Ave, Dagenham RM8 3HT, United Kingdom",Valence House Museum,ChIJBZCYlFKk2EcRT8gE6G5bw5w,4.6,"['museum', 'tourist_attraction', 'point_of_interest', 'establishment']",200.0
Dorich House Museum,Kingston University,67 Kingston Vale,,E09000021,Kingston upon Thames,128010892.0,E05000406,Coombe Hill,https://www.dorichhousemuseum.org.uk/,-0.2630882903421483,51.43334145927384,520833.96727172297,171912.92622145644,12/29/2019,museums,"67 Kingston Vale, London SW15 3RN, United Kingdom",Dorich House Museum,ChIJbYHMWbQOdkgR3nXDmR0MFqU,4.8,"['museum', 'tourist_attraction', 'point_of_interest', 'establishment']",32.0
Kingston Museum (and Heritage Service),W6 9TA,,,E09000021,Kingston upon Thames,128019799.0,E05000408,Grove,http://www.kingston.gov.uk/museum,-0.30028462305532405,51.40955345453804,518309.9679553628,169206.9269558115,12/29/2019,museums,"Wheatfield Way, Kingston upon Thames KT1 2PS, United Kingdom",Kingston Museum & Heritage Service,ChIJ7yUWy8ELdkgR2N_skiGxTBw,0.0,"['art_gallery', 'point_of_interest', 'establishment']",0.0
The Stephens Collection,Avenue House,East End Road,Finchley,E09000003,Barnet,200035687.0,E05000051,Finchley Church End,http://www.london-northwest.com/sites/stephens,-0.1945731350116018,51.59660246677115,525148.3461021475,190182.98125433602,12/29/2019,museums,"17 E End Rd, Finchley, London N3 3QE, United Kingdom",Stephens House & Gardens,ChIJueQfaasQdkgRnhBC-l0M3qQ,4.6,"['tourist_attraction', 'cafe', 'food', 'point_of_interest', 'establishment']",607.0
Royal Air Force Museum London (RAF),Grahame Park Way,Hendon,,E09000003,Barnet,200049886.0,E05000046,Colindale,http://www.rafmuseum.org/,-0.2381638996147207,51.59894703218979,522122.9669182169,190370.02118048567,12/29/2019,museums,"Grahame Park Way, London NW9 5LL, United Kingdom",Royal Air Force Museum,ChIJse1x6SoRdkgR83yrIhNV5gc,4.7,"['museum', 'tourist_attraction', 'point_of_interest', 'establishment']",8967.0
Barnet Museum (and Local History Society),31 Wood Street,Barnet,Hertfordshire,E09000003,Barnet,200128241.0,E05000060,Underhill,www.barnetmuseum.co.uk,-0.2022962598888733,51.65287654143306,524459.5062610903,196427.8395408899,12/29/2019,museums,"31 Wood St, Barnet EN5 4BE, United Kingdom",Barnet Museum,ChIJPYNVFZAXdkgRZnhTkBHcY_0,4.4,"['museum', 'tourist_attraction', 'point_of_interest', 'establishment']",40.0
Museum of Domestic Design and Architecture,Middlesex University,9 Boulevard Drive,Beaufort Park,E09000003,Barnet,200141133.0,E05000046,Colindale,http://www.culture24.org.uk/se000059,-0.24191185735661344,51.59611571743892,521870.96698653506,190048.9212921576,12/29/2019,museums,"9 Boulevard Dr, London NW9 5HF, United Kingdom",Museum of Domestic Design & Architecture (MoDA),ChIJXeskhFMYdkgR3nFtSd0mtRc,4.3,"['museum', 'point_of_interest', 'establishment']",6.0
Brent Museum,Willesden Library Centre,95 High Rd,,E09000005,Brent,202149110.0,E05000105,Willesden Green,https://www.brent.gov.uk/museum,-0.2289214989831069,51.5466504009109,522903.9667075057,184569.92278124887,12/29/2019,museums,"Willesden Library Centre, 95 High Rd, Willesden, London NW10 2SF, United Kingdom",Brent Museum,ChIJ6d8m_VEQdkgRd6p89dXjD1Y,4.5,"['museum', 'tourist_attraction', 'point_of_interest', 'establishment']",14.0
Enfield Museum Service,Enfield Museum,The Dugdale Centre Thomas Hardy House,39 London Road,E09000010,Enfield,207007119.0,E05000200,Grange,http://www.enfield.gov.uk/museum,-0.08111816575076185,51.65031765779333,532849.2439714298,196356.57955065247,12/29/2019,museums,"39 London Rd, Enfield EN2 6DS, United Kingdom",Enfield Museum,ChIJ8c7FJCUfdkgRGrWnGKoC3Sg,3.7,"['museum', 'tourist_attraction', 'point_of_interest', 'establishment']",9.0
ClockmakersÊ¼ Museum,Exhibition Road,Kensington,,E09000020,Kensington and Chelsea,217031151.0,E05009389,Brompton & Hans Town,http://www.clockmakers.org/,-0.17649274290988975,51.49729595478951,526675.9656802487,179170.92424946552,12/29/2019,museums,"Exhibition Rd, South Kensington, London SW7 2DD, United Kingdom",Science Museum,ChIJP9oAE0MFdkgR3iKGFKZO1SE,4.5,"['museum', 'tourist_attraction', 'point_of_interest', 'store', 'establishment']",45109.0
Leighton House Museum,12 Holland Park Road,,,E09000020,Kensington and Chelsea,217039506.0,E05009397,Holland,http://http/www.rbkc.gov.uk/subsites/museums.aspx,-0.20309513295307347,51.49858781711904,524825.9661831937,179268.92422472677,12/29/2019,museums,"12 Holland Park Rd, Kensington, London W14 8LZ, United Kingdom",Leighton House Museum,ChIJWcdBO-wPdkgRlEc3EZWbCvo,4.4,"['museum', 'art_gallery', 'tourist_attraction', 'point_of_interest', 'establishment']",692.0
Design Museum,224-238 Kensington High Street (Holland Park),,,E09000020,Kensington and Chelsea,217044656.0,E05009397,Holland,http://designmuseum.org/,-0.20015902623041051,51.49987442978262,525026.2360868902,179417.00414055696,12/29/2019,museums,"224-238 Kensington High St, Kensington, London W8 6AG, United Kingdom",Design Museum,ChIJs0HnpkcDdkgRJjUYVf4jca4,4.4,"['museum', 'tourist_attraction', 'point_of_interest', 'establishment']",6774.0
Kensington Palace (State Apartments and Royal Ceremonial Dress Collection),Kensington Palace/Palace Green,,,E09000020,Kensington and Chelsea,217064431.0,E05009390,Campden,http://www.hrp.org.uk%0Bwww.kensingtonpalace@hrp.org.uk/,-0.18802181602724052,51.505199336782724,525853.9659032915,180029.92401525192,12/29/2019,museums,"Kensington Palace, Palace Green, Kensington, London W8 4PX, United Kingdom",State Apartments & Royal Ceremonial Dress Collection,ChIJ08q7B_gPdkgRDn9lavJOXsk,3.3,"['point_of_interest', 'establishment']",9.0
National Army Museum,Royal Hospital Road,Chelsea,,E09000020,Kensington and Chelsea,217075883.0,E05009403,Royal Hospital,http://www.nam.ac.uk/,-0.1603374362820255,51.48622896837953,527828.2353261601,177968.31452859245,12/29/2019,museums,"Royal Hospital Rd, Chelsea, London SW3 4HT, United Kingdom",National Army Museum,ChIJma2VQBEFdkgRfxsd5E7cC3c,4.4,"['tourist_attraction', 'museum', 'point_of_interest', 'establishment']",1839.0
British Architectural Library â Drawings and Archives Collections,Victoria and Albert Museum,Cromwell Road,Knightsbridge,E09000020,Kensington and Chelsea,217108016.0,E05009389,Brompton & Hans Town,https://www.architecture.com/about/riba-library-and-collections,-0.17209803125748366,51.49690227955777,526982.0956020028,179134.75421592017,12/29/2019,museums,,,,,,
Natural History Museum,Cromwell Road,,,E09000020,Kensington and Chelsea,217108017.0,E05009389,Brompton & Hans Town,http://www.nhm.ac.uk/,-0.17686771980497012,51.49656438426557,526651.9656865967,179088.9242716566,12/29/2019,museums,"Cromwell Rd, South Kensington, London SW7 5BD, United Kingdom",Natural History Museum,ChIJPy8Y5kIFdkgRxGSXw4Xjt3s,4.7,"['museum', 'library', 'tourist_attraction', 'point_of_interest', 'establishment']",10514.0
Carlyleâs House,24 Cheyne Row,,,E09000020,Kensington and Chelsea,217110505.0,E05009391,Chelsea Riverside,https://www.nationaltrust.org.uk/carlyles-house,-0.16970125482041293,51.484132799874956,527183.9655412731,177718.9246424901,12/29/2019,museums,,,,,,
The Science Museum,Exhibition Rd,Kensington,,E09000020,Kensington and Chelsea,217118723.0,E05009389,Brompton & Hans Town,https://www.sciencemuseum.org.uk/,-0.17649274290988975,51.49729595478951,526675.9656802487,179170.92424946552,12/29/2019,museums,"Exhibition Rd, South Kensington, London SW7 2DD, United Kingdom",Science Museum,ChIJP9oAE0MFdkgR3iKGFKZO1SE,4.5,"['museum', 'tourist_attraction', 'point_of_interest', 'store', 'establishment']",45109.0
Victoria and Albert Museum,Cromwell Road,South Kensington,,E09000020,Kensington and Chelsea,217119925.0,E05009389,Brompton & Hans Town,http://www.vam.ac.uk/,-0.17220054012629998,51.496943625191435,526974.8655624735,179139.17425870363,12/29/2019,museums,"Cromwell Rd, Knightsbridge, London SW7 2RL, United Kingdom",Victoria and Albert Museum,ChIJw1d-sUMFdkgRH2XN_U0Jt54,4.7,"['museum', 'art_gallery', 'tourist_attraction', 'point_of_interest', 'establishment']",36757.0
The Estorick Collection of Modern Italian Art,39A Canonbury Square,,,E09000019,Islington,5300016244.0,E05000379,St. Mary's,www.​estorickcollection.​com,-0.10057352817539772,51.543878331284176,531810.9642835463,184484.9228055665,12/29/2019,museums,"39A Canonbury Square, London N1 2AN, United Kingdom",Estorick Collection of Modern Italian Art,ChIJh08hgGQbdkgRki0CFHsluoA,4.5,"['art_gallery', 'tourist_attraction', 'book_store', 'cafe', 'museum', 'food', 'point_of_interest', 'store', 'establishment']",177.0
John WesleyÊ¼s House and The Museum of Methodism,Wesley's Chapel,49 City Road,,E09000019,Islington,5300019876.0,E05000367,Bunhill,http://www.culture24.org.uk/se000445,-0.08704601327093675,51.52358674075504,532807.9640127942,182252.92341210906,12/29/2019,museums,"49 City Rd, Shoreditch, London EC1Y 1AU, United Kingdom",Museum of Methodism,ChIJX7BpPK8cdkgRvfnCQT0vwzU,4.7,"['museum', 'tourist_attraction', 'point_of_interest', 'establishment']",41.0
"Wesleyâs Chapel, Museum of Methodism and John Wesleyâs House",49 City Road,,,E09000019,Islington,5300019879.0,E05000367,Bunhill,http://www.wesleychapel.org.uk/,-0.08651948891867592,51.523766994043115,532843.9640028753,182273.92340630273,12/29/2019,museums,,,,,,
London Canal Museum,12/13 New Wharf Road,Kingâs Cross,,E09000019,Islington,5300066428.0,E05000368,Caledonian,http://www.canalmuseum.org.uk/,-0.12029704979447432,51.53422325809266,530470.9646518101,183375.9231051242,12/29/2019,museums,"12/13 New Wharf Rd, Islington, London N1 9RT, United Kingdom",London Canal Museum,ChIJ6Zy7sT8bdkgR4O1HRuTvvEk,4.2,"['tourist_attraction', 'museum', 'travel_agency', 'point_of_interest', 'store', 'establishment']",73.0
Museum of the Order of St John,St Johnâs Gate,26 St John's Ln,,E09000019,Islington,5300085644.0,E05000370,Clerkenwell,http://www.museumstjohn.org.uk/,-0.10251113787674047,51.521922621928816,531739.9643046535,182039.9234705505,12/29/2019,museums,,,,,,
Whitehall Historic House,1 Malden Road,Cheam,Surrey,E09000029,Sutton,5870019263.0,E05000560,Cheam,https://whitehallmuseum.wordpress.com/,-0.2172080653825291,51.35938066170903,524222.9663454164,163764.9284353785,12/29/2019,museums,"1 Malden Rd, Sutton SM3 8QD, United Kingdom",Whitehall,ChIJTYDIcTsIdkgR9pBElYru9io,4.5,"['museum', 'point_of_interest', 'establishment']",41.0
Little Holland House,40 Beeches Ave,Carshalton,,E09000029,Sutton,5870060822.0,E05000559,Carshalton South and Clockhouse,http://www.sutton.gov.uk/,-0.17057472350438746,51.35528014227603,527480.9654644714,163388.9285398343,12/29/2019,museums,"40 Beeches Ave, Carshalton SM5 3LW, United Kingdom",Little Holland House,ChIJT_tKmfEHdkgRn9ThUvcZKHY,4.9,"['tourist_attraction', 'point_of_interest', 'establishment']",12.0
Honeywood Museum,Honeywood Walk,Carshalton,Surrey,E09000029,Sutton,5870115967.0,E05000558,Carshalton Central,http://www.friendsofhoneywood.co.uk/,-0.16506809623882993,51.36513123214743,527836.9653672965,164493.9282405466,12/29/2019,museums,"Honeywood Walk, Carshalton SM5 3NX, United Kingdom",Honeywood Museum,ChIJfRb-H-sHdkgREpqmPHETCMs,4.5,"['museum', 'tourist_attraction', 'point_of_interest', 'establishment']",150.0
Tate Modern,Bankside,,,E09000028,Southwark,10000813334.0,E05011095,Borough & Bankside,http://www.tate.org.uk/modern,-0.09937339828534453,51.507618269491275,531998.9642317264,180454.92390045398,12/29/2019,museums,"Bankside, London SE1 9TG, United Kingdom",Tate Modern,ChIJlRl2MakEdkgR55tr4CNv_B8,4.5,"['art_gallery', 'tourist_attraction', 'point_of_interest', 'store', 'establishment']",49436.0
Fashion and Textile Museum,83 Bermondsey Street London,,,E09000028,Southwark,10000818830.0,E05011104,London Bridge & West Bermondsey,http://www.ftmlondon.org/,-0.08178917701980606,51.501180911741045,533237.9638996228,179770.92408411996,12/29/2019,museums,"83 Bermondsey St, Bermondsey, London SE1 3XF, United Kingdom",Fashion and Textile Museum,ChIJSep40kQDdkgRPze1yPrhO9U,3.7,"['tourist_attraction', 'museum', 'point_of_interest', 'store', 'establishment']",126.0
Musical Museum,399 High St,Brentford,,E09000018,Hounslow,10001271544.0,E05000347,Brentford,https://www.musicalmuseum.co.uk/,-0.2931329955899753,51.48790923874872,518604.2678646334,177931.9245865402,12/29/2019,museums,"399 High St, Brentford TW8 0DU, United Kingdom",The Musical Museum,ChIJuc9QZ9sNdkgR9yKWIX6YKKw,4.7,"['museum', 'tourist_attraction', 'point_of_interest', 'establishment']",196.0
Museum of Army Music,Royal Military School of Music,Kneller Hall,2 Kneller Rd,E09000027,Richmond upon Thames,10002261149.0,E05000533,Whitton,www.army.mod.uk âº Corps of Army Music âº The Royal Military School of Music,-0.35065460297150675,51.455100216172205,514692.9689383524,174191.92560038617,12/29/2019,museums,"25 The Embankment, Twickenham TW1 3DU, United Kingdom",The Twickenham Museum,ChIJBbyheWEMdkgRdQqOK_xVZZM,4.4,"['museum', 'tourist_attraction', 'point_of_interest', 'establishment']",29.0
Hampton Court Palace,Molesey,East Molesey,,E09000027,Richmond upon Thames,10002266633.0,E05000520,Hampton,https://www.hrp.org.uk/hampton-court-palace/,-0.3376326827358215,51.40385723305589,515726.9686594037,168513.92714681593,12/29/2019,museums,"Molesey, East Molesey KT8 9AU, United Kingdom",Hampton Court Palace,ChIJR4IwDg4LdkgRNVpLiUw0UQ4,4.7,"['tourist_attraction', 'premise', 'point_of_interest', 'establishment']",14538.0
Kew Palace,Royal Botanic Gardens Kew,Richmond,,E09000027,Richmond upon Thames,10002266941.0,E05000524,Kew,https://www.hrp.org.uk/kew-palace/,-0.29117610387645465,51.48527287453825,518746.9678367492,177641.92466493446,12/29/2019,museums,"Royal Botanic Gardens, Richmond TW9 3AE, United Kingdom",Kew Palace,ChIJj3unXtcNdkgRsAJ2H2iBugg,4.5,"['tourist_attraction', 'park', 'point_of_interest', 'establishment']",1416.0
Strawberry Hill House,268 Waldegrave Rd,Twickenham,,E09000027,Richmond upon Thames,10002267260.0,E05000529,South Twickenham,http://www.strawberryhillhouse.org.uk/,-0.3347307387665863,51.438221238083926,515841.9686235451,172339.92610407743,12/29/2019,museums,"268 Waldegrave Rd, Twickenham TW1 4ST, United Kingdom",Strawberry Hill House & Garden,ChIJ1U5kaIYMdkgR9TXwCcHtgAk,4.4,"['tourist_attraction', 'museum', 'point_of_interest', 'establishment']",265.0
Heath Robinson Museum,Pinner Memorial Park,West End Lane,Pinner,E09000015,Harrow,10002293329.0,E05000298,Pinner South,www.heathrobinsonmuseum.org,-0.38667053662735856,51.59247378713376,511853.9097104732,189412.80146833372,12/29/2019,museums,"50 W End Ln, Pinner HA5 1AE, United Kingdom",Heath Robinson Museum,ChIJ8-L5165sdkgRjVPK_lxfSik,4.2,"['art_gallery', 'tourist_attraction', 'museum', 'point_of_interest', 'establishment']",81.0
Harrow Museum and Heritage Centre,Headstone Manor,Pinner View, Harrow,E09000015,Harrow,10002293456.0,E05000292,Headstone North,http://www.harrow.gov.uk/info/200070/museums_and_galleries/190/harrow_museum,-0.35506732734528634,51.594463949827954,514037.969115521,189682.92139046933,12/29/2019,museums,"Headstone Recreation Ground, Pinner View, Harrow HA2 6PX, United Kingdom",Headstone Manor and Museum,ChIJIwA11GYTdkgRoeeAutW9svo,4.6,"['museum', 'tourist_attraction', 'point_of_interest', 'establishment']",304.0
Hackney Museum,1 Reading Lane,,,E09000012,Hackney,10008313143.0,E05009372,Hackney Central,http://www.hackney.gov.uk/cm-museum.htm,-0.05607030766713137,51.544479298680194,534894.963446515,184632.92276584363,12/29/2019,museums,"1 Reading Ln, London E8 1GQ, United Kingdom",Hackney Museum,ChIJ_fA_HeUcdkgRmfM_pfgWFgY,4.6,"['museum', 'tourist_attraction', 'point_of_interest', 'establishment']",85.0
House Mill,Three Mill Lane,Bromley-by-Bow,,E09000025,Newham,10008997232.0,E05000492,Stratford and New Town,,-0.007578260115714564,51.5274074869819,538308.9625174318,182824.92325534878,12/29/2019,museums,"The Miller’s House, Three Mill Ln, Bromley By Bow, London E3 3DU, United Kingdom",The House Mill,ChIJtYCAIloddkgRGER2idvt94g,4.5,"['museum', 'tourist_attraction', 'point_of_interest', 'establishment']",105.0
Royal Museums Greenwich,Park Row,Greenwich,,E09000011,Greenwich,10010231322.0,E05000222,Greenwich West,http://www.rmg.co.uk/,-0.0037254175813185037,51.481153022959994,538716.6123730065,177688.78463617736,12/29/2019,museums,"Blackheath Ave, Greenwich, London SE10 8XJ, United Kingdom",Royal Observatory Greenwich,ChIJp9ypjCqo2EcRAoQcRV-yqzE,4.5,"['tourist_attraction', 'museum', 'point_of_interest', 'store', 'establishment']",12773.0
Eltham Palace,Court Yard,,,E09000011,Greenwich,10010235842.0,E05000219,Eltham South,http://www.english-heritage.org.uk/elthampalace,0.04794132156727175,51.44698486836121,542410.2613918136,173988.37560726702,12/29/2019,museums,"Court Yard, London SE9 5QE, United Kingdom",Eltham Palace,ChIJD9kI53Wp2EcRTeofxa7UGjE,4.6,"['tourist_attraction', 'museum', 'point_of_interest', 'establishment']",1937.0
National Maritime Museum,Romney Road,,,E09000011,Greenwich,10010243516.0,E05000222,Greenwich West,http://www.rmg.co.uk/national-maritime-museum#,-0.005215638798064152,51.48094088151273,538613.7824447323,177662.37460926094,12/29/2019,museums,"Park Row, Greenwich Peninsula, London SE10 9NF, United Kingdom",National Maritime Museum,ChIJs_wmr0cWa0gRHr60qjwn1Mo,4.5,"['museum', 'tourist_attraction', 'point_of_interest', 'establishment']",6926.0
Charterhouse,Sutton's Hospital,Charterhouse Square,,E09000019,Islington,10023218636.0,E05000367,Bunhill,http://www.thecharterhouse.org/,-0.10004258270465136,51.52131610826995,531912.9642573192,181976.92348758347,12/29/2019,museums,"Sutton Hospital Charterhouse, Barbican, London, UK",Sutton Hospital Charterhouse,ChIJ8ybGTlEbdkgRCBT3ox9UB3I,,['premise'],
Cinema Museum,"The Masterâs House, The Old Lambeth Workhouse",2 Dugard Way,Kennington,E09000022,Lambeth,10023852579.0,E05000427,Prince's,http://www.rmg.co.uk/cuttysark,-0.10516891141163312,51.49228045330592,531640.964330746,178738.92436423805,12/29/2019,museums,,,,,,
Michael Faraday Museum at the Royal Institution,The Royal Institution,21 Albemarle Street,,E09000033,City of Westminster,10033528771.0,E05000649,West End,http://www.rigb.org/,-0.14255343795673225,51.50994667778658,528995.9650494637,180636.92385205365,12/29/2019,museums,"21 Albemarle St, Mayfair, London W1S 4BS, United Kingdom",Faraday Museum at The Royal Institution of GB,ChIJzfGiISoFdkgRQi68A4o6qsA,4.5,"['museum', 'tourist_attraction', 'point_of_interest', 'establishment']",137.0
Tate Britain,Millbank,,,E09000033,City of Westminster,10033538284.0,E05000646,Vincent Square,http://www.tate.org.uk/britain,-0.12718093376872747,51.490871457337036,530116.9647443739,178542.92441816514,12/29/2019,museums,"Millbank, Westminster, London SW1P 4RG, United Kingdom",Tate Britain,ChIJvWjCxekEdkgRoCgQVJHZH_U,4.6,"['art_gallery', 'tourist_attraction', 'museum', 'point_of_interest', 'establishment']",12262.0
The Society of Antiquaries of London - Burlington House,Burlington House,Piccadilly,Mayfair,E09000033,City of Westminster,10033541032.0,E05000649,West End,www.​sal.​org.​uk,-0.1397494696216768,51.508733187847284,529193.9649962278,180506.92388724626,12/29/2019,museums,"Burlington House, Piccadilly, Mayfair, London W1J 0BD, United Kingdom",Royal Academy of Arts,ChIJM5ERbdYEdkgRFkMO56hrE_k,4.5,"['art_gallery', 'tourist_attraction', 'point_of_interest', 'establishment']",734.0
Royal Academy of Arts,Burlington House,Piccadilly,,E09000033,City of Westminster,10033541035.0,E05000649,West End,http://www.royalacademy.org.uk/,-0.13957603532695328,51.50909913830022,529204.964993228,180547.923876074,12/29/2019,museums,"Burlington House, Piccadilly, Mayfair, London W1J 0BD, UK",Burlington House,ChIJYRKJbNYEdkgRJN1eretQAXE,,['premise'],
MCC Museum,Lordâs Ground,,,E09000033,City of Westminster,10033543781.0,E05000643,Regent's Park,http://www.lords.org/,-0.1730523711446167,51.5285458912556,526827.9656379432,182651.92330362202,12/29/2019,museums,,,,,,
The Courtauld Gallery,Somerset House,Strand,,E09000033,City of Westminster,10033544134.0,E05000644,St. James's,http://www.courtauld.ac.uk/gallery,-0.11795241359240807,51.51102034403826,530699.9645855693,180799.92380395206,12/29/2019,museums,"Somerset House, Strand, London WC2R 0RN, United Kingdom",The Courtauld Institute of Art,ChIJvZhvcMoEdkgRB5qnzGs_VNw,4.3,"['university', 'point_of_interest', 'establishment']",73.0
Household Cavalry Museum,Horseguards Parade,Whitehall,,E09000033,City of Westminster,10033545888.0,E05000644,St. James's,http://www.culture24.org.uk/se000447,-0.12723622691783232,51.50498193431958,530072.9647564421,180111.92399384387,12/29/2019,museums,"Horse Guards Parade, Whitehall, London SW1A 2AX, United Kingdom",The Household Cavalry Museum,ChIJj8pl-M8EdkgRYHpGjyF-BKc,4.5,"['museum', 'tourist_attraction', 'point_of_interest', 'establishment']",1982.0
Royal Academy of Music Museum,1â5 York Gate,Marylebone Road,,E09000033,City of Westminster,10033546476.0,E05000641,Marylebone High Street,http://www.ram.ac.uk/museum,-0.1523372249235761,51.52350930177203,528278.9652427712,182127.92344461058,12/29/2019,museums,,,,,,
Guards Museum,Wellington Barracks,Birdcage Walk,,E09000033,City of Westminster,10033547407.0,E05000644,St. James's,http://www.theguardsmuseum.com/,-0.13827697805448866,51.49960919333697,529321.9649596036,179494.92416181188,12/29/2019,museums,"Wellington Barracks, Birdcage Walk, London SW1E 6HQ, United Kingdom",The Guards Museum,ChIJlQVcJtkEdkgRnskpOnyj4G4,4.3,"['museum', 'tourist_attraction', 'point_of_interest', 'establishment']",295.0
Banqueting House Whitehall,Whitehall,,,E09000033,City of Westminster,10033549112.0,E05000644,St. James's,www.hrp.org.uk,-0.12592874373504676,51.50453839205049,530164.9647313372,180064.92400665602,12/29/2019,museums,"Whitehall, Westminster, London SW1A 2ER, United Kingdom",Banqueting House,ChIJvezzr88EdkgRAxHrEPdiLiY,4.4,"['tourist_attraction', 'point_of_interest', 'establishment']",1301.0
Imperial College Healthcare Charity Art Collection at St Mary's Hospital,Ground Floor,Clarence Memorial Wing St Mary's Hospital,Praed Street,E09000033,City of Westminster,10033554476.0,E05000636,Hyde Park,,-0.17362856477239275,51.51739497979376,526818.9656417663,181410.92363871876,12/29/2019,museums,"St Mary's Hospital, Praed St, Paddington, London W2 1NY, United Kingdom",Imperial College Healthcare,ChIJ7xqcrLMadkgRud7-yfycudE,3.3,"['health', 'point_of_interest', 'establishment']",3.0
The Wallace Collection,Hertford House,Manchester Square,,E09000033,City of Westminster,10033582984.0,E05000641,Marylebone High Street,http://www.wallacecollection.org/,-0.1528966232967588,51.51716927725117,528257.9652494196,181421.92363884434,12/29/2019,museums,"Hertford House, Manchester Square, London W1U 3BN, United Kingdom",The Wallace Collection,ChIJczuZfc0adkgRc8X-u3ZiHcE,4.7,"['art_gallery', 'tourist_attraction', 'museum', 'point_of_interest', 'establishment']",3964.0
British Optical Association Museum,The College of Optometrists,41-42 Craven St,,E09000033,City of Westminster,10033590012.0,E05000644,St. James's,https://www.college-optometrists.org/the-college/museum.html,-0.12535536325340635,51.507844580195616,530195.3347183468,180433.5938880531,12/29/2019,museums,"42 Craven St, Charing Cross, London WC2N 5NG, United Kingdom",British Optical Association Museum,ChIJQzLB784EdkgR72xgiximiK4,4.7,"['museum', 'tourist_attraction', 'point_of_interest', 'establishment']",10.0
Anaesthesia Museum,21 Portland Pl,Marylebone,,E09000033,City of Westminster,10033598850.0,E05000649,West End,https://www.aagbi.org/education/heritage-centre/anaesthesia-museum,-0.14510941033183053,51.51939349113444,528791.9651040214,181682.92356720363,12/29/2019,museums,"21 Portland Pl, Marylebone, London W1B 1PY, United Kingdom",Association of Anaesthetists,ChIJf5ujPNQadkgR-zebJb_4uzs,4.6,"['point_of_interest', 'establishment']",20.0
London Transport Museum,39 Wellington Street,,,E09000033,City of Westminster,10033620435.0,E05000644,St. James's,http://www.ltmuseum.co.uk/,-0.12122161604454455,51.512124903924615,530469.9646484904,180916.92377272595,12/29/2019,museums,"Covent Garden, London WC2E 7BB, United Kingdom",London Transport Museum,ChIJ4bF21K8FdkgRDXc6FiSVAzE,4.4,"['museum', 'tourist_attraction', 'cafe', 'food', 'point_of_interest', 'store', 'establishment']",5669.0
"Courtauld Gallery, University of London",Somerset House, Strand,,E09000033,City of Westminster,10033626383.0,E05000644,St. James's,http://www.courtauld.ac.uk/,-0.11691043632765105,51.510734378759174,530773.0845606524,180769.98380973664,12/29/2019,museums,"Somerset House, Strand, London WC2R 0RN, United Kingdom",The Courtauld Institute of Art,ChIJvZhvcMoEdkgRB5qnzGs_VNw,4.3,"['university', 'point_of_interest', 'establishment']",73.0
Museum of the Royal Philatelic Society London,Royal Philatelic Society London,41 Devonshire Place,Marylebone,E09000033,City of Westminster,10033629406.0,E05000641,Marylebone High Street,http://www.rpsl.org.uk/,-0.15008430409106546,51.5214774204623,528440.9651990973,181905.92350588547,12/29/2019,museums,"15 Abchurch Ln, London EC4N 7BW, United Kingdom",The Royal Philatelic Society London,ChIJe2IIhW8DdkgR9tFtWj7T72w,4.8,"['point_of_interest', 'establishment']",10.0
Churchill (Museum & Cabinet) War Rooms,Clive Steps,King Charles Street,,E09000033,City of Westminster,10033636263.0,E05000644,St. James's,http://iwm.org.uk/,-0.12937736016564216,51.502179074503175,529932.3447991951,179796.44403899036,12/29/2019,museums,"501 Westminster Ave, Fulton, MO 65251, United States",National Churchill Museum,ChIJLUvN8lOO3IcRZ58iZ01j-hc,4.7,"['tourist_attraction', 'museum', 'point_of_interest', 'establishment']",197.0
Havering Museum,19-21 High St,Romford,,E09000016,Havering,10070706838.0,E05000319,Romford Town,www.haveringmuseum.org.uk/,0.1795868135807665,51.57792331889929,551123.8790181811,188812.34161318216,12/29/2019,museums,"19-21 High St, Romford RM1 1JU, United Kingdom",Havering Museum Ltd,ChIJH5qwKbak2EcRqpscR5wp8y4,4.5,"['museum', 'tourist_attraction', 'point_of_interest', 'establishment']",56.0
Marble Hill House,Richmond Rd,Twickenham,,E09000027,Richmond upon Thames,10070709920.0,E05000531,Twickenham Riverside,http://www.culture24.org.uk/se000472,-0.3133071075118182,51.44951494173568,517301.96822988475,173629.92575671565,12/29/2019,museums,"Richmond Rd, Twickenham TW1 2NL, United Kingdom",Marble Hill House,ChIJB7L532kMdkgRKgcfqTcIpbA,4.3,"['tourist_attraction', 'museum', 'point_of_interest', 'establishment']",119.0
Museum of Richmond,Old Town Hall,Whittaker Avenue,Richmond,E09000027,Richmond upon Thames,10070710719.0,E05000528,South Richmond,www.​museumofrichmond.​com,-0.30657305334052026,51.45881505194292,517745.9681091553,174674.9254699793,12/29/2019,museums,"Old Town Hall, Whittaker Ave, Richmond TW9 1TP, United Kingdom",Museum of Richmond,ChIJuU2zc0cMdkgRkdwEQwgdUvY,4.1,"['museum', 'tourist_attraction', 'point_of_interest', 'establishment']",40.0
World Rugby Museum,Twickenham Stadium,Rugby Road,Twickenham,E09000027,Richmond upon Thames,10070721329.0,E05000527,St. Margarets and North Twickenham,http://www.rfu.com/museum,-0.3407153151678361,51.45531062019565,515382.96875187,174230.9255901021,12/29/2019,museums,"Stadium, 200 Whitton Rd, Twickenham TW2 7BA, United Kingdom",World Rugby Museum & Twickenham Stadium Tours,ChIJL7zxE_IMdkgRCtW5GSlFJCU,4.7,"['museum', 'stadium', 'tourist_attraction', 'point_of_interest', 'establishment']",255.0
Islington Museum, 245 St John St,Clerkenwell,,E09000019,Islington,10091003195.0,E05000370,Clerkenwell,,-0.10452699990419773,51.526487549151106,531586.9643476697,182543.92333443527,12/29/2019,museums,"245 St John St, Clerkenwell, London EC1V 4NB, United Kingdom",Islington Museum,ChIJdR8jvlobdkgRb9OcMTWg5ec,4.2,"['museum', 'tourist_attraction', 'point_of_interest', 'establishment']",61.0
Bentley Priory Museum,Mansion House Drive Stanmore,,,E09000015,Harrow,10091091981.0,E05000303,Stanmore Park,www.bentleypriory.org,-0.33305768376285394,51.626508315746044,515481.0987272122,193280.92041636136,12/29/2019,museums,"Mansion House Drive, Stanmore HA7 3FB, United Kingdom",Bentley Priory Museum,ChIJu2Gj4PkUdkgRK9Q7kzmBv5M,4.6,"['museum', 'tourist_attraction', 'point_of_interest', 'establishment']",235.0
Black Cultural Archives,1 Windrush Square,,,E09000022,Lambeth,10091118537.0,E05000420,Coldharbour,www.bcaheritage.org.uk,-0.1145723141893383,51.46051637912314,531079.1244554446,175189.87528240154,12/29/2019,museums,"1 Windrush Square, London, Brixton SW2 1EF, United Kingdom",Black Cultural Archives,ChIJ7-ABRGgEdkgR3rhDNehKG2c,4.5,"['tourist_attraction', 'museum', 'point_of_interest', 'establishment']",319.0
Redbridge Museum,Redbridge Central Library,Clements Road,lford,E09000026,Redbridge,10091799736.0,E05011246,Ilford Town,redbridgefirstworldwar.org.uk,0.07532810131822455,51.558064389640656,543962.960980725,186393.92228495312,12/29/2019,museums,"Clements Rd, Ilford IG1 1EA, United Kingdom",Redbridge Central Library and Museum,ChIJ5ceVe4qm2EcRD_O2gFABHE4,4.1,"['library', 'tourist_attraction', 'museum', 'point_of_interest', 'establishment']",82.0
Horniman Museum and Gardens,100 London Road,Forest Hill,,E09000023,Lewisham,10091839078.0,E05000444,Forest Hill,http://www.horniman.ac.uk/,-0.06073639063465305,51.441130869692145,534875.9634526732,173131.92589071288,12/29/2019,museums,"100 London Rd, Forest Hill, London SE23 3PQ, United Kingdom",Horniman Museum and Gardens,ChIJSzwgydoDdkgRndnXVYQGXBI,4.6,"['museum', 'aquarium', 'tourist_attraction', 'park', 'point_of_interest', 'establishment']",4958.0
Library and Museum of Freemasonry,Freemasons' Hall,60 Great Queen Street,,E09000007,Camden,10091860258.0,E05000138,Holborn and Covent Garden,http://www.freemasonry.london.museum/,-0.12111097749700192,51.51516267968856,530468.9646492066,181254.9236810254,12/29/2019,museums,"60 Great Queen St, Holborn, London WC2B 5AZ, United Kingdom",Museum of Freemasonry,ChIJGyCJzTQbdkgR6CCaacKAvGQ,4.5,"['museum', 'library', 'tourist_attraction', 'point_of_interest', 'establishment']",53.0
Charles Dickens Museum,48 Doughty St,London,,E09000007,Camden,10091862283.0,E05000138,Holborn and Covent Garden,https://dickensmuseum.com/,-0.11623704357223108,51.523600654839036,530782.964565811,182201.9234248788,12/29/2019,museums,"48-49 Doughty St, Holborn, London WC1N 2LX, United Kingdom",Charles Dickens Museum,ChIJlwm8OUgbdkgRWsaTM35CDTM,4.5,"['tourist_attraction', 'museum', 'point_of_interest', 'establishment']",1114.0
Crossness Engines,The Old Works. Thames Water S.T.W.,Bazalgette Way,Abbey Wood,E09000004,Bexley,10091915267.0,E05011232,Thamesmead East,http://www.crossness.org.uk/,0.13401024335801698,51.50580577876915,548199.9598288541,180699.92383488367,12/29/2019,museums,"Bazalgette Way, London SE2 9AN, United Kingdom",Entrance to Crossness Engines via Thames Water site,ChIJA92VZHqv2EcR211JGiYw5sg,4.5,"['museum', 'point_of_interest', 'establishment']",6.0
National Portrait Gallery,St Martinâs Place,,,E09000033,City of Westminster,100023431366.0,E05000644,St. James's,http://www.npg.org.uk/,-0.12845289125683004,51.509398799047155,529975.9647833531,180600.92385994364,12/29/2019,museums,,,,,,
Hunterian Museum at the Royal College of Surgeons,Royal College of Surgeons,35-43 Lincolnâs Inn Fields,,E09000033,City of Westminster,10091945440.0,E05000644,St. James's,http://www.medicalmuseums.org/,-0.11587402807305752,51.515285518292416,530831.9645505925,181277.92367464828,12/29/2019,museums,"35-43 Lincoln's Inn Fields, Holborn, London WC2A 3PE, United Kingdom",The Royal College of Surgeons of England,ChIJoZX1yUobdkgRMfx7uNG6Nuo,4.4,"['university', 'point_of_interest', 'establishment']",45.0
Royal College of Surgeons of England,35-43 Lincoln's Inn Fields,,,E09000033,City of Westminster,10091945440.0,E05000644,St. James's,https://www.rcseng.ac.uk/,-0.11587402807305752,51.515285518292416,530831.9645505925,181277.92367464828,12/29/2019,museums,"35-43 Lincoln's Inn Fields, Holborn, London WC2A 3PE, United Kingdom",The Royal College of Surgeons of England,ChIJoZX1yUobdkgRMfx7uNG6Nuo,4.4,"['university', 'point_of_interest', 'establishment']",45.0
Kenwood House (known as the Iveagh Bequest),Hampstead Ln,Highgate,,E09000007,Camden,10091954503.0,E05000137,Highgate,http://www.culture24.org.uk/mw387,-0.16759980452153272,51.57132839392993,527086.9655693867,187418.92200642702,12/29/2019,museums,"3 Hampstead Ln, Highgate, London NW3 7JR, United Kingdom",The Iveagh Bequest Kenwood House,ChIJ46v2vW4adkgRNXSgt2jb4XE,4.2,"['shopping_mall', 'point_of_interest', 'establishment']",5.0
Hall Place and Gardens,Bourne Road,Bexley,Kent,E09000004,Bexley,100020195288.0,E05011222,Crayford,https://www.hallplace.org.uk/,0.1602553990405088,51.448031125607685,550210.9592804892,174328.92556404375,12/29/2019,museums,"Bourne Rd, Dartford, Bexley DA5 1PQ, United Kingdom",Hall Place & Gardens,ChIJBdAOd2yu2EcRBfHVl6UN34E,4.5,"['tourist_attraction', 'park', 'point_of_interest', 'establishment']",1830.0
Geffrye Museum,136 Kingsland Road,London,,E09000012,Hackney,100021051873.0,E05009375,Haggerston,http://www.geffrye-museum.org.uk/,-0.07624406529552517,51.531557221938435,533533.9638188663,183158.92316478785,12/29/2019,museums,"Geffrye Almshouses, 136 Kingsland Rd, London E2 8EA, United Kingdom",Museum of the Home,ChIJKUrjG7wcdkgRbfTuKDBgWXI,4.4,"['museum', 'tourist_attraction', 'park', 'point_of_interest', 'establishment']",715.0
Ham House,Ham House and Garden,Ham St,Richmond-upon-Thames,E09000027,Richmond upon Thames,100022307688.0,E05000519,"Ham, Petersham and Richmond Riverside",https://www.nationaltrust.org.uk/ham-house-and-garden,-0.3164578942587553,51.443679236593354,517097.9682845615,172975.925934484,12/29/2019,museums,"Ham St, Richmond-upon-Thames TW10 7RS, United Kingdom",Ham House and Garden,ChIJveotHW8MdkgR20X8xZkYD-I,4.5,"['tourist_attraction', 'point_of_interest', 'establishment']",1460.0
Orleans House Gallery,Riverside,Twickenham,,E09000027,Richmond upon Thames,100022344488.0,E05000531,Twickenham Riverside,http://www.richmond.gov.uk/arts,-0.3190722143109723,51.447331686435355,516906.96833701397,173377.92582553212,12/29/2019,museums,"Riverside, Twickenham TW1 3DJ, United Kingdom",Orleans House Gallery,ChIJy1aIZWYMdkgR_Y65LfMGwdQ,4.6,"['art_gallery', 'tourist_attraction', 'point_of_interest', 'establishment']",211.0
Bromley Museum at Bromley Historic Collections, High St,Bromley,,E09000006,Bromley,100022886980.0,E05000109,Bromley Town,,0.014474248905763857,51.403764999162505,540216.9620015749,169117.92697948814,12/29/2019,museums,"40 Blackbrook Ln, Bromley BR2 8AY, United Kingdom",Chris Crickmar,ChIJ2aYNDamr2EcRf3MKMtMPmNM,0.0,"['museum', 'point_of_interest', 'establishment']",0.0
Bethlem Museum of the Mind,Bethlem Royal Hospital,Monks Orchard Road,,E09000006,Bromley,100022894353.0,E05000120,Kelsey and Eden Park,http://museumofthemind.org.uk/,-0.029740490232685744,51.38091958287065,537209.9628154368,166493.9276965016,12/29/2019,museums,"Bethlem Royal Hospital, Monks Orchard Rd, Beckenham BR3 3BX, United Kingdom",Bethlem Museum of the Mind,ChIJL47H9E4AdkgRVnhvlwcj0Is,4.6,"['museum', 'tourist_attraction', 'point_of_interest', 'establishment']",118.0
Dr JohnsonÊ¼s House,17 Gough Square,,,E09000001,City and County of the City of London,100022935908.0,E05009297,Castle Baynard,http://www.drjohnsonshouse.org/,-0.10815906549016173,51.51503545846408,531367.9644042513,181263.9236792864,12/29/2019,museums,"17 Gough Square, Holborn, London EC4A 3DE, United Kingdom",Dr Johnson's House,ChIJWf5N07IEdkgRA2xSIRaH0r4,4.4,"['museum', 'tourist_attraction', 'point_of_interest', 'establishment']",208.0
Walthamstow Pumphouse Museum,10 S Access Rd,Walthamstow,,E09000031,Waltham Forest,100022984152.0,E05000606,Markhouse,http://e17pumphouse.org.uk/,-0.03476442964841508,51.576714013955744,536275.9630726937,188256.92178219339,12/29/2019,museums,"10 S Access Rd, Walthamstow, London E17 8AX, United Kingdom",Walthamstow Pumphouse Museum,ChIJv9YpJ7cddkgR8tFKEHFPn_M,4.6,"['museum', 'tourist_attraction', 'point_of_interest', 'establishment']",90.0
Vestry House Museum,Vestry Road,,,E09000031,Waltham Forest,100022986430.0,E05000601,Hoe Street,http://www.walthamforest.gov.uk/vestry-house,-0.012739355938528448,51.584013715738834,537779.9626621486,189109.9215461703,12/29/2019,museums,"Vestry Rd, Walthamstow, London E17 9NH, United Kingdom",Vestry House Museum,ChIJldmAD-4ddkgRyv5pfuRPmN8,4.5,"['museum', 'tourist_attraction', 'point_of_interest', 'establishment']",185.0
Sutton House,2 & 4 Homerton High St,,,E09000012,Hackney,100023022522.0,E05009376,Homerton,www.​nationaltrust.​org.​uk/​sutton-​house,-0.05040426015543995,51.54848590740279,535275.9633436317,185088.9226410914,12/29/2019,museums,"2 York Ave, New York, NY 10065, USA",2 York Ave,EiMyIFlvcmsgQXZlLCBOZXcgWW9yaywgTlkgMTAwNjUsIFVTQSIaEhgKFAoSCa-yfszCWMKJEYrdE1AMPKiKEAI,,['street_address'],
The Garden Museum,5 Lambeth Palace Rd,Lambeth,,E09000022,Lambeth,100023225605.0,E05000416,Bishop's,www.​gardenmuseum.​org.​uk,-0.12019535812389286,51.49504922782068,530589.9646163671,179019.92428933864,12/29/2019,museums,"5 Lambeth Palace Rd, Lambeth, London SE1 7LB, United Kingdom",Garden Museum,ChIJBUDOGcAEdkgRoQKLoxgPtWg,4.1,"['museum', 'tourist_attraction', 'cafe', 'food', 'point_of_interest', 'establishment']",475.0
RangerÊ¼s House,Chesterfield Walk,Lewisham,,E09000011,Greenwich,100023227777.0,E05000222,Greenwich West,http://www.english-heritage.org.uk/visit/places/rangers-house-the-wernher-collection/,-0.001610692926060487,51.473411370062074,538886.9623608608,176831.924884153,12/29/2019,museums,"Chesterfield Walk, Greenwich, London, UK",Chesterfield Walk,ChIJh2hj9H8CdkgReoipOeYZhrM,,['route'],
Fan Museum,12 Crooms Hill,,,E09000011,Greenwich,100023227937.0,E05000222,Greenwich West,https://www.thefanmuseum.org.uk/,-0.008205710573700889,51.47898036199037,538412.1024446647,177438.7146972238,12/29/2019,museums,"12 Crooms Hill, Greenwich, London SE10 8ER, United Kingdom",The Fan Museum,ChIJnWk9IoQCdkgR2_XeJKaPEGU,4.4,"['museum', 'tourist_attraction', 'point_of_interest', 'establishment']",291.0
The Old Royal Naval College,King William Walk,Greenwich,,E09000011,Greenwich,100023228558.0,E05000222,Greenwich West,www.​ornc.​org,-0.006397412645434353,51.4829679205009,538525.5824577431,177885.5445925399,12/29/2019,museums,"King William Walk, Greenwich Peninsula, London SE10 9NN, United Kingdom",Old Royal Naval College,ChIJWRQ7JoUCdkgRyMWXZgcjJBg,4.7,"['tourist_attraction', 'park', 'point_of_interest', 'establishment']",1258.0
Mall Galleries,The Mall,17 Carlton House Terrace,,E09000033,City of Westminster,100023349548.0,E05000644,St. James's,http://www.mallgalleries.org.uk/,-0.13014824995586274,51.50671003411815,529865.9648131775,180298.923942891,12/29/2019,museums,"The Mall, St. James's, London SW1, United Kingdom",Mall Galleries,ChIJ9bNTJdAEdkgRmSVzJmEoXRI,4.5,"['art_gallery', 'tourist_attraction', 'museum', 'point_of_interest', 'establishment']",383.0
Royal College of Music Museum of Instruments,Prince Consort Rd,Kensington,,E09000033,City of Westminster,100023378050.0,E05000637,Knightsbridge and Belgravia,www.​rcm.​ac.​uk/​visit/​museum/​,-0.17688895433193128,51.49928050376679,526642.9656896363,179390.92418974685,12/29/2019,museums,"Prince Consort Rd, South Kensington, London SW7 2BS, United Kingdom",Royal College of Music,ChIJbdvSeVsFdkgRcmnwiG3O7wE,4.6,"['point_of_interest', 'establishment']",99.0
The London Museum of Water and Steam,Green Dragon Lane,Brentford,,E09000018,Hounslow,100023407522.0,E05000347,Brentford,www.​waterandsteam.​org.​uk,-0.2905175716664339,51.48905549495435,518782.8677923639,178063.62450221286,12/29/2019,museums,"Green Dragon Ln, Brentford TW8 0EN, United Kingdom",London Museum of Water & Steam,ChIJe4mTfNwNdkgRXSAnIMV4SWQ,4.6,"['museum', 'tourist_attraction', 'point_of_interest', 'establishment']",564.0
"Hillingdon Local Studies, Archives and Museum",Central Library,14-16 High Street,Uxbridge,E09000017,Hillingdon,100023421562.0,E05000341,Uxbridge South,https://www.hillingdon.gov.uk/history,-0.4782767141894988,51.545185152496,505617.9714063839,184017.92293295206,12/29/2019,museums,"Holborn Library, 32-38 Theobalds Road, London WC1X 8PA, United Kingdom",Camden Local Studies and Archives Centre,ChIJAzt4kUkbdkgRmgrGsYJwcII,5.0,"['library', 'point_of_interest', 'establishment']",3.0
National Gallery,Trafalgar Square,,,E09000033,City of Westminster,100023432659.0,E05000644,St. James's,http://www.nationalgallery.org.uk/,-0.12765819494773722,51.50909834878704,530031.9647680513,180568.92386848386,12/29/2019,museums,"Trafalgar Square, Charing Cross, London WC2N 5DN, United Kingdom",The National Gallery,ChIJeclqF84EdkgRtKAjTmWFr0I,4.7,"['art_gallery', 'tourist_attraction', 'museum', 'point_of_interest', 'establishment']",33570.0
Benjamin Franklin House,36 Craven Street,,,E09000033,City of Westminster,100023432708.0,E05000644,St. James's,http://www.benjaminfranklinhouse.org/,-0.12489345380371693,51.507642324467575,530227.9647143156,180411.92391104344,12/29/2019,museums,"36 Craven St, Charing Cross, London WC2N 5NF, United Kingdom",Benjamin Franklin House,ChIJYeck5s4EdkgRz2496L-49us,4.1,"['tourist_attraction', 'museum', 'point_of_interest', 'establishment']",187.0
British Dental Association Museum,64 Wimpole St,Marylebone,,E09000033,City of Westminster,100023465311.0,E05000641,Marylebone High Street,https://bda.org/museum,-0.14861637499910912,51.518576601524366,528550.9651694553,181585.92359387703,12/29/2019,museums,"64 Wimpole St, Marylebone, London W1G 8YS, United Kingdom",British Dental Association,ChIJx2rel9MadkgRPlhi86NL-og,4.1,"['library', 'tourist_attraction', 'museum', 'point_of_interest', 'establishment']",14.0
British Architectural Library (Library and Photographs Collection),66 Portland Pl,Marylebone,,E09000033,City of Westminster,100023466307.0,E05000641,Marylebone High Street,https://www.architecture.com/about/riba-library-and-collections,-0.14484359003624678,51.521322717642974,528804.9651006795,181897.92350849227,12/29/2019,museums,"66 Portland Pl, Marylebone, London W1B 1AD, United Kingdom",RIBA Library (British Architectural Library),ChIJEeSjltYadkgRh5UisahTjc0,5.0,"['library', 'point_of_interest', 'establishment']",3.0
Handel and Hendrix in London,23 and 25 Brook Street,Mayfair,,E09000033,City of Westminster,100023474817.0,E05000649,West End,https://handelhendrix.org/,-0.14590384320598948,51.51296727867122,528754.965114292,180966.92376246766,12/29/2019,museums,"25 Brook St, Mayfair, London W1K 4HB, United Kingdom",Handel & Hendrix in London,ChIJ8TcYbCsFdkgREJn6RlCbKjw,4.5,"['museum', 'point_of_interest', 'store', 'establishment']",422.0
Hogarthâs House,Greater London,,,E09000018,Hounslow,100023518941.0,E05000348,Chiswick Homefields,http://www.hounslow.info/arts-culture/historic-houses-museums/hogarth-house/#,-0.25498738895549555,51.487018753274434,521254.88713776896,177895.30460051695,12/29/2019,museums,,,,,,
Bruce Castle Museum,Bruce Castle Museum,Lordship Lane,,E09000014,Haringey,100023552396.0,E05000283,White Hart Lane,http://www.haringey.gov.uk/leisure/brucecastlemuseum,-0.0754409033104723,51.599150102151654,533391.9638561665,190676.92112226985,12/29/2019,museums,"Lordship Ln, Tottenham, London N17 8NU, United Kingdom",Bruce Castle Museum,ChIJNas2LB4cdkgR2GPsdv4C1YE,4.2,"['museum', 'tourist_attraction', 'point_of_interest', 'establishment']",171.0
Down House,Down House,Luxted Road, Downe,E09000006,Bromley,100023633852.0,E05000117,Darwin,www.english-heritage.org.uk/darwin/,0.05346642184787611,51.33143360493529,543153.9612011571,161149.92914692525,12/29/2019,museums,"Luxted Rd, Downe, Orpington BR6 7JT, United Kingdom",Home of Charles Darwin - Down House,ChIJd3LB9ttU30cRhKSjL1n-qow,4.7,"['museum', 'tourist_attraction', 'park', 'point_of_interest', 'establishment']",1103.0
Museum of London,150 London Wall,,,E09000001,City and County of the City of London,200000069411.0,E05009288,Aldersgate,http://www.museumoflondon.org.uk/london-wall/#,-0.09606669312227273,51.5177983976545,532198.9641790999,181592.92359148548,12/29/2019,museums,"150 London Wall, Barbican, London EC2Y 5HN, United Kingdom",Museum of London,ChIJ68vBCFUbdkgR5CUqlcHifUA,4.5,"['museum', 'tourist_attraction', 'point_of_interest', 'establishment']",11658.0
Barbican Art Gallery,Level 3,Barbican Centre,Silk Street,E09000001,City and County of the City of London,200000072620.0,E05009302,Cripplegate,http://www.barbican.org.uk/artgallery,-0.09410258685676257,51.51996070969431,532328.9641439863,181836.92352561821,12/29/2019,museums,"Silk St, Barbican, London EC2Y 8DS, United Kingdom",Barbican Centre,ChIJdbJk-1YbdkgRQB_SdWbiVsc,4.5,"['art_gallery', 'movie_theater', 'library', 'tourist_attraction', 'point_of_interest', 'establishment']",1357.0
British Red Cross Museum and Archives,UK Office 44 Moorfields,,,E09000001,City and County of the City of London,200000075168.0,E05009299,Coleman Street,http://www.redcross.org.uk/museumandarchives,-0.08865050406854393,51.5190921022144,532709.7239894785,181750.20351792843,12/29/2019,museums,"44 Moorfields, Finsbury, London EC2Y 9AL, United Kingdom",British Red Cross Society Museum & Archives,ChIJW3f786scdkgRb5Vf2CWsFrc,4.3,"['tourist_attraction', 'museum', 'point_of_interest', 'establishment']",4.0
Guildhall Art Gallery and London's Roman Amphitheatre,Guildhall Art Gallery Cultural and Visitor Development Town Clerkâs Department Guildhall Yard,,,E09000001,City and County of the City of London,200000075197.0,E05009290,Bassishaw,http://www.guildhallartgallery.cityoflondon.gov.uk/,-0.09163402345651066,51.51556807522475,532512.9640940843,181352.92365715746,12/29/2019,museums,,,,,,
Headstone Manor & Museum (Harrow),Headstone Manor & Museum,Pinner View,Harrow,E09000015,Harrow,200000320113.0,E05000292,Headstone North,http://www.harrow.gov.uk/museum,-0.3526130804318213,51.594060816188716,514208.9690684588,189641.92140181136,12/29/2019,museums,"Headstone Recreation Ground, Pinner View, Harrow HA2 6PX, United Kingdom",Headstone Manor and Museum,ChIJIwA11GYTdkgRoeeAutW9svo,4.6,"['museum', 'tourist_attraction', 'point_of_interest', 'establishment']",304.0
Hayward Gallery,Southbank Centre,Belvedere Road,,E09000022,Lambeth,200000480099.0,E05000416,Bishop's,http://ticketing.southbankcentre.co.uk/venues/hayward-gallery#,-0.11544481541841825,51.50613299043132,530887.9645341901,180260.9239520956,12/29/2019,museums,"Southbank Centre, 337-338 Belvedere Rd, Lambeth, London SE1 8XX, United Kingdom",Hayward Gallery,ChIJEYfH57cEdkgRuNeOk-nbgeo,4.6,"['art_gallery', 'point_of_interest', 'establishment']",875.0
Florence Nightingale Museum,St. Thomas Hospital,2 Lambeth Palace Road,,E09000022,Lambeth,200000488107.0,E05000416,Bishop's,http://www.florence-nightingale.co.uk/,-0.11700694165560173,51.50005200097535,530796.9645598343,179581.92413936727,12/29/2019,museums,"2 Lambeth Palace Rd, Lambeth, London SE1 7EW, United Kingdom",Florence Nightingale Museum,ChIJE7Y9vrgEdkgRLifdCCl3FZ4,4.3,"['museum', 'tourist_attraction', 'point_of_interest', 'establishment']",623.0
The View (Epping Forest Collection),6 Rangers Road,,Chingford,E09000031,Waltham Forest,200001425882.0,E05000593,Chingford Green,www.cityoflondon.gov.uk/things-to-do/green-spaces/epping-forest/Pages/default.aspx,0.01752452217687699,51.634394731017636,539721.9621349555,194769.92001058065,12/29/2019,museums,"6 Ranger's Rd, Chingford, London E4 7QH, United Kingdom",Epping Forest Visitor Centre at Chingford,ChIJq6tkno6g2EcRIMxBTFo2dYo,4.6,"['travel_agency', 'point_of_interest', 'establishment']",45.0
William Morris Gallery and Brangwyn Gift,Lloyd Park House,531 Forest Rd,Walthamstow,E09000031,Waltham Forest,200001431546.0,E05000608,William Morris,http://wmgallery.org.uk/,-0.02037660899278005,51.5913007088925,537228.9628105869,189905.9213307486,12/29/2019,museums,"Lloyd Park, Forest Rd, London E17 4PP, United Kingdom",William Morris Gallery,ChIJf9LtmOcddkgRRv6MezIdvSM,4.6,"['museum', 'tourist_attraction', 'point_of_interest', 'establishment']",850.0
Clipper Ship Cutty Sark,King William Walk,Greenwich,,E09000011,Greenwich,200002800647.0,E05000222,Greenwich West,http://www.rmg.co.uk/cuttysark,-0.00949269144376895,51.48281205018306,538311.142513546,177862.3646063864,12/29/2019,museums,"King William Walk, London SE10 9HT, United Kingdom",Cutty Sark,ChIJAVlhMIUCdkgRCJEgHVbITq4,4.5,"['tourist_attraction', 'museum', 'point_of_interest', 'establishment']",13977.0
London Fire Brigade Museum,Winchester House,94a Southwark Bridge Rd,,E09000028,Southwark,200003353307.0,E05011095,Borough & Bankside,http://www.culture24.org.uk/mw921,-0.09812447244493472,51.50196854517723,532101.9642053051,179828.92407027478,12/29/2019,museums,"Lambeth High St, Lambeth, London SE1 7JS, United Kingdom",London Fire Brigade Museum,ChIJR1xBiuoEdkgRDeeHQ2PkKNk,2.8,"['museum', 'tourist_attraction', 'point_of_interest', 'establishment']",47.0
HMS Belfast,Uxbridge,Middlesex,,E09000028,Southwark,200003356908.0,E05011104,London Bridge & West Bermondsey,http://iwm.org.uk/,-0.08146312594633398,51.50659144906199,533244.8138714326,180373.17392100656,12/29/2019,museums,,,,,,
Imperial War Museum,Lambeth Rd,,,E09000028,Southwark,200003372421.0,E05011114,St. George's,http://london.iwm.org.uk/,-0.10832779048585288,51.496009484277145,531410.9643930707,179147.92425468922,12/29/2019,museums,"Lambeth Rd, London SE1 6HZ, United Kingdom",Imperial War Museum,ChIJ0-48HywBdkgRh7MH0Igd1f4,4.6,"['tourist_attraction', 'museum', 'point_of_interest', 'establishment']",17948.0
Old Operating Theatre and Herb Garret,9A St Thomasâ Street,,,E09000028,Southwark,200003376919.0,E05011104,London Bridge & West Bermondsey,http://www.oldoperatingtheatre.com/,-0.08842961528360786,51.50501236312088,532765.9640262275,180184.92397228637,12/29/2019,museums,,,,,,
Brunel Museum,Brunel Engine House,Railway Avenue,Rotherhithe,E09000028,Southwark,200003410582.0,E05011112,Rotherhithe,www.brunel-museum.org.uk/,-0.05293982840045015,51.50159554671664,535238.9633523446,179869.92406081513,12/29/2019,museums,"Railway Ave, Rotherhithe, London SE16 4LF, United Kingdom",Brunel Museum,ChIJXy1phCYDdkgRab5NmGxt3IY,4.1,"['tourist_attraction', 'museum', 'point_of_interest', 'establishment']",516.0
Dulwich Picture Gallery,6 Gallery Road,Dulwich Village,,E09000028,Southwark,200003435462.0,E05011100,Dulwich Village,http://www.dulwichpicturegallery.org.uk/,-0.08642036278960064,51.445977705689295,533076.9639416866,173623.9257551703,12/29/2019,museums,"Gallery Rd, Dulwich, London SE21 7AD, United Kingdom",Dulwich Picture Gallery,ChIJE_hdXfEDdkgR09Yvt9rEzmI,4.4,"['art_gallery', 'tourist_attraction', 'cafe', 'museum', 'park', 'food', 'point_of_interest', 'store', 'establishment']",253.0
Osterley Park House,Jersey Road,Isleworth,,E09000018,Hounslow,200003968705.0,E05000363,Osterley and Spring Grove,https://www.nationaltrust.org.uk/osterley-park-and-house?p=1356312744250,-0.3517417311233996,51.48949015572655,514531.3689475135,178014.52453660415,12/29/2019,museums,"Jersey Rd, Isleworth TW7 4RB, United Kingdom",Osterley Park And House,ChIJq0dcL2sNdkgRY5CNmDaGxyM,4.5,"['park', 'tourist_attraction', 'point_of_interest', 'establishment']",2053.0
Gunnersbury Park Museum,Gunnersbury Park,Popes Ln,,E09000018,Hounslow,200003970213.0,E05000347,Brentford,www.hounslow.info âº Arts & Culture âº Historic Houses & Museums,-0.2863214479833223,51.49954348753787,519046.8677202913,179236.72421702012,12/29/2019,museums,"Gunnersbury Park Museum, Gunnersbury Park House, Popes Ln, London W5 4NH, United Kingdom",Gunnersbury Park Museum,ChIJCyeHKeINdkgRBdrMJvcBXNc,4.5,"['museum', 'tourist_attraction', 'point_of_interest', 'establishment']",256.0
Migration Museum and the London Fire Brigade Museum,26 Lambeth High St,,,,,,,,https://www.london-fire.gov.uk/museum/   https://www.migrationmuseum.org/,-0.1203999135478098,51.49308936141581,530581.3642159238,178801.62112487978,12/29/2019,museums,"26 Lambeth High St, Lambeth, London SE1 7AG, United Kingdom",Migration Museum at The Workshop,ChIJHQEnYOoEdkgReOodrDPuFlo,4.7,"['museum', 'art_gallery', 'tourist_attraction', 'point_of_interest', 'establishment']",119.0
